id,name,position,nfl_team,rank,bye_week
1,Ja'Marr Chase,WR,CIN,1,10
2,Bijan Robinson,RB,ATL,2,5
3,Justin Jefferson,WR,MIN,3,6
4,CeeDee Lamb,WR,DAL,4,10
5,Saquon Barkley,RB,PHI,5,9
6,Jahmyr Gibbs,RB,DET,6,8
7,Malik Nabers,WR,NYG,7,14
8,Christian McCaffrey,RB,SF,8,14
9,Puka Nacua,WR,LAR,9,8
10,Amon-Ra St. Brown,WR,DET,10,8
11,Ashton Jeanty,RB,LV,11,8
12,De'Von Achane,RB,MIA,12,12
13,Nico Collins,WR,HOU,13,6
14,Brian Thomas Jr.,WR,JAX,14,8
15,Derrick Henry,RB,BAL,15,7
16,Jonathan Taylor,RB,IND,16,11
17,A.J. Brown,WR,PHI,17,9
18,Josh Jacobs,RB,GB,18,5
19,Drake London,WR,ATL,19,5
20,Brock Bowers,TE,LV,20,8
21,Bucky Irving,RB,TB,21,9
22,Tyreek Hill,WR,MIA,22,12
23,Kyren Williams,RB,LAR,23,8
24,Trey McBride,TE,ARI,24,8
25,Breece Hall,RB,NYJ,25,9
26,Ladd McConkey,WR,LAC,26,12
27,Chase Brown,RB,CIN,27,10
28,Garrett Wilson,WR,NYJ,28,9
29,Marvin Harrison Jr.,WR,ARI,29,8
30,Jaxon Smith-Njigba,WR,SEA,30,8
31,Rashee Rice,WR,KC,31,10
32,James Cook,RB,BUF,32,7
33,Omarion Hampton,RB,LAC,33,12
34,DK Metcalf,WR,PIT,34,5
35,Josh Allen,QB,BUF,35,7
36,Patrick Mahomes,QB,KC,36,10
37,Terry McLaurin,WR,WAS,37,12
38,Mike Evans,WR,TB,38,9
39,Zay Flowers,WR,BAL,39,7
40,Alvin Kamara,RB,NO,40,11
41,Jalen Hurts,QB,PHI,41,9
42,Courtland Sutton,WR,DEN,42,12
43,Lamar Jackson,QB,BAL,43,7
44,Kenneth Walker III,RB,SEA,44,8
45,DeVonta Smith,WR,PHI,45,9
46,George Kittle,TE,SF,46,14
47,Sam LaPorta,TE,DET,47,8
48,Chuba Hubbard,RB,CAR,48,14
49,Joe Mixon,RB,HOU,49,6
50,Xavier Worthy,WR,KC,50,10
51,Tank Dell,WR,HOU,51,6
52,Calvin Ridley,WR,TEN,52,10
53,Jameson Williams,WR,DET,53,8
54,Tony Pollard,RB,TEN,54,10
55,Aaron Jones,RB,MIN,55,6
56,David Montgomery,RB,DET,56,8
57,Jayden Daniels,QB,WAS,57,12
58,Jordan Love,QB,GB,58,5
59,Travis Etienne Jr.,RB,JAX,59,8
60,Rome Odunze,WR,CHI,60,5
61,Diontae Johnson,WR,BAL,61,7
62,Jerry Jeudy,WR,CLE,62,9
63,Keon Coleman,WR,BUF,63,7
64,Jaylen Waddle,WR,MIA,64,12
65,Deebo Samuel,WR,WAS,65,12
66,Rachaad White,RB,TB,66,9
67,Najee Harris,RB,LAC,67,12
68,Isiah Pacheco,RB,KC,68,10
69,Rhamondre Stevenson,RB,NE,69,14
70,Javonte Williams,RB,DAL,70,10
71,Dallas Goedert,TE,PHI,71,9
72,Mark Andrews,TE,BAL,72,7
73,T.J. Hockenson,TE,MIN,73,6
74,David Njoku,TE,CLE,74,9
75,Evan Engram,TE,DEN,75,12
76,Cooper Kupp,WR,SEA,76,8
77,Davante Adams,WR,LAR,77,8
78,Stefon Diggs,WR,NE,78,14
79,Michael Pittman Jr.,WR,IND,79,11
80,Chris Godwin,WR,TB,80,9
81,Christian Kirk,WR,HOU,81,6
82,Tyler Lockett,WR,SEA,82,8
83,DJ Moore,WR,CHI,83,5
84,Brandon Aiyuk,WR,SF,84,14
85,Jordan Addison,WR,MIN,85,6
86,Ricky Pearsall,WR,SF,86,14
87,Jauan Jennings,WR,SF,87,14
88,Khalil Shakir,WR,BUF,88,7
89,Rashid Shaheed,WR,NO,89,11
90,Zach Charbonnet,RB,SEA,90,8
91,Tyjae Spears,RB,TEN,91,10
92,Braelon Allen,RB,NYJ,92,9
93,Jaylen Warren,RB,PIT,93,5
94,Ray Davis,RB,BUF,94,7
95,Tyrone Tracy Jr.,RB,NYG,95,14
96,Justice Hill,RB,BAL,96,7
97,Austin Ekeler,RB,WAS,97,12
98,Ezekiel Elliott,RB,DAL,98,10
99,Miles Sanders,RB,DAL,99,10
100,J.K. Dobbins,RB,DEN,100,12
101,Gus Edwards,RB,LAC,101,12
102,Cam Akers,RB,HOU,102,6
103,Antonio Gibson,RB,NE,103,14
104,Devin Singletary,RB,NYG,104,14
105,Kyler Murray,QB,ARI,105,8
106,Dak Prescott,QB,DAL,106,10
107,Joe Burrow,QB,CIN,107,10
108,Justin Herbert,QB,LAC,108,12
109,C.J. Stroud,QB,HOU,109,6
110,Trevor Lawrence,QB,JAX,110,8
111,Baker Mayfield,QB,TB,111,9
112,Matthew Stafford,QB,LAR,112,8
113,Bo Nix,QB,DEN,113,12
114,Caleb Williams,QB,CHI,114,5
115,Anthony Richardson,QB,IND,115,11
116,Geno Smith,QB,SEA,116,8
117,Sam Darnold,QB,SEA,117,8
118,Drake Maye,QB,NE,118,14
119,Aaron Rodgers,QB,PIT,119,5
120,Kirk Cousins,QB,ATL,120,5
121,Kyle Pitts,TE,ATL,121,5
122,Jake Ferguson,TE,DAL,122,10
123,Cole Kmet,TE,CHI,123,5
124,Pat Freiermuth,TE,PIT,124,5
125,Dalton Kincaid,TE,BUF,125,7
126,Tucker Kraft,TE,GB,126,5
127,Colston Loveland,TE,CHI,127,5
128,Hunter Henry,TE,NE,128,14
129,Mike Gesicki,TE,CIN,129,10
130,Jonnu Smith,TE,PIT,130,5
131,Justin Tucker,K,BAL,131,7
132,Harrison Butker,K,KC,132,10
133,Brandon Aubrey,K,DAL,133,10
134,Jake Moody,K,SF,134,14
135,Tyler Bass,K,BUF,135,7
136,Jason Sanders,K,MIA,136,12
137,Cameron Dicker,K,LAC,137,12
138,Chris Boswell,K,PIT,138,5
139,Ka'imi Fairbairn,K,HOU,139,6
140,Younghoe Koo,K,ATL,140,5
141,Wil Lutz,K,DEN,141,12
142,Evan McPherson,K,CIN,142,10
143,San Francisco 49ers,DEF,SF,143,14
144,Baltimore Ravens,DEF,BAL,144,7
145,Pittsburgh Steelers,DEF,PIT,145,5
146,Dallas Cowboys,DEF,DAL,146,10
147,Buffalo Bills,DEF,BUF,147,7
148,Cleveland Browns,DEF,CLE,148,9
149,New York Jets,DEF,NYJ,149,9
150,Philadelphia Eagles,DEF,PHI,150,9
151,Houston Texans,DEF,HOU,151,6
152,Miami Dolphins,DEF,MIA,152,12
153,Denver Broncos,DEF,DEN,153,12
154,Green Bay Packers,DEF,GB,154,5
155,Kansas City Chiefs,DEF,KC,155,10
156,Minnesota Vikings,DEF,MIN,156,6
157,Detroit Lions,DEF,DET,157,8
158,New Orleans Saints,DEF,NO,158,11
159,Tez Johnson,WR,TB,159,9
160,Luther Burden III,WR,CHI,160,5
161,Jayden Reed,WR,GB,161,5
162,Wan'Dale Robinson,WR,NYG,162,14
163,Marvin Mims Jr.,WR,DEN,163,12
164,Josh Downs,WR,IND,164,11
165,Adonai Mitchell,WR,IND,165,11
166,Romeo Doubs,WR,GB,166,5
167,Darnell Mooney,WR,ATL,167,5
168,Curtis Samuel,WR,BUF,168,7
169,Elic Ayomanor,WR,TEN,169,10
170,Emeka Egbuka,WR,TB,170,9
171,Travis Hunter,WR,JAX,171,8
172,Matthew Golden,WR,GB,172,5
173,DeMario Douglas,WR,NE,173,14
174,Blake Corum,RB,LAR,174,8
175,Jaylen Wright,RB,MIA,175,12
176,Tyler Allgeier,RB,ATL,176,5
177,Zack Moss,RB,CIN,177,10
178,Roschon Johnson,RB,CHI,178,5
179,Kareem Hunt,RB,KC,179,10
180,Sean Tucker,RB,TB,180,9
181,MarShawn Lloyd,RB,GB,181,5
182,Kimani Vidal,RB,LAC,182,12
183,Trey Benson,RB,ARI,183,8
184,Jordan Mason,RB,MIN,184,6
185,Alexander Mattison,RB,MIA,185,12
186,Will Shipley,RB,PHI,186,9
187,Bhayshul Tuten,RB,JAX,187,8
188,RJ Harvey,RB,DEN,188,12
189,TreVeyon Henderson,RB,NE,189,14
190,Quinshon Judkins,RB,CLE,190,9
191,Kendre Miller,RB,NO,191,11
192,Cade Otton,TE,TB,192,9
193,Ben Sinnott,TE,WAS,193,12
194,Theo Johnson,TE,NYG,194,14
195,Brenton Strange,TE,JAX,195,8
196,Isaiah Likely,TE,BAL,196,7
197,Dalton Schultz,TE,HOU,197,6
198,Noah Fant,TE,SEA,198,8
199,Chig Okonkwo,TE,TEN,199,10
200,Juwan Johnson,TE,NO,200,11
